{"cameraMode":{"drawMode":0,"name":"Shaded","section":"Shading Mode"},"sceneLighting":true,"audioPlay":false,"sceneViewState":{"showFog":true,"showMaterialUpdate":false,"showSkybox":true,"showFlares":true,"showImageEffects":true,"showParticleSystems":true},"in2DMode":false,"pivot":{"x":8.318428993225098,"y":2.2143454551696779,"z":-2.8627710342407228},"rotation":{"x":-0.3060183823108673,"y":-0.07501522451639176,"z":0.024195902049541475,"w":-0.9487619400024414},"size":4.743645191192627,"orthographic":false}