{"cameraMode":{"drawMode":0,"name":"Shaded","section":"Shading Mode"},"sceneLighting":false,"audioPlay":false,"sceneViewState":{"showFog":true,"showMaterialUpdate":false,"showSkybox":false,"showFlares":true,"showImageEffects":true,"showParticleSystems":true},"in2DMode":false,"pivot":{"x":1.218000054359436,"y":-5.960464477539063e-8,"z":0.0},"rotation":{"x":-0.14956557750701905,"y":-0.04833192750811577,"z":0.0073200007900595669,"w":-0.9875434041023254},"size":0.6062209010124207,"orthographic":false}